{"class_map": {"valid": [{"map95": 0.6023380371659717, "map50": 0.959388971587755, "class": "all"}]}}